{"cameraMode":{"drawMode":0,"name":"Shaded","section":"Shading Mode"},"sceneLighting":false,"audioPlay":false,"sceneViewState":{"m_AlwaysRefresh":false,"showFog":true,"showSkybox":false,"showFlares":true,"showImageEffects":true,"showParticleSystems":true,"showVisualEffectGraphs":true,"m_FxEnabled":true},"in2DMode":false,"pivot":{"x":20.881258010864259,"y":37.07828140258789,"z":514.1444091796875},"rotation":{"x":0.005293125286698341,"y":0.9855292439460754,"z":-0.16653397679328919,"w":0.03134763985872269},"size":0.8660253882408142,"orthographic":false}